infra,percentage,std
Building nonfunctional,51.9217675,0.887971365
Building damage,19.2366439,0.089191747
Substation damage,15.42222222,2.318553372
Pole damage,15.35429434,0.037240657
